[{"pic":"./frame10000.jpg","bbox":[],"mask":[[],[],[],[],[],[],[],[],[],[]],"class":[[],[],[],[],[],[],[],[],[],[]]},{"pic":"./frame15000.jpg","bbox":[],"mask":[[],[],[],[],[],[],[],[],[],[]],"class":[[],[],[],[],[],[],[],[],[],[]]},{"pic":"./frame20000.jpg","bbox":[],"mask":[[],[],[],[],[],[],[],[],[],[]],"class":[[],[],[],[],[],[],[],[],[],[]]},{"pic":"./frame25000.jpg","bbox":[],"mask":[[],[],[],[],[],[],[],[],[],[]],"class":[[],[],[],[],[],[],[],[],[],[]]},{"pic":"./frame0.jpg","bbox":[],"mask":[[],[],[],[],[],[],[],[],[],[]],"class":[[],[],[],[],[],[],[],[],[],[]]},{"pic":"./frame10000.jpg","bbox":[],"mask":[[],[],[],[],[],[],[],[],[],[]],"class":[[],[],[],[],[],[],[],[],[],[]]},{"pic":"./frame15000.jpg","bbox":[],"mask":[[],[],[],[],[],[],[],[],[],[]],"class":[[],[],[],[],[],[],[],[],[],[]]},{"pic":"./frame20000.jpg","bbox":[],"mask":[[],[],[],[],[],[],[],[],[],[]],"class":[[],[],[],[],[],[],[],[],[],[]]},{"pic":"./frame25000.jpg","bbox":[],"mask":[[],[],[],[],[],[],[],[],[],[]],"class":[[],[],[],[],[],[],[],[],[],[]]}]