[{"pic":"./frame0.jpg","bbox":[],"mask":[[],[],[],[],[],[],[],[],[],[]],"class":[[],[],[],[],[],[],[],[],[],[]]},{"pic":"./frame1000.jpg","bbox":[],"mask":[[{"x":330,"y":140,"maskInd":0},{"x":478,"y":23,"maskInd":1},{"x":503,"y":58,"maskInd":2},{"x":326,"y":162,"maskInd":3},{"x":318,"y":152,"maskInd":4}],[],[],[],[],[],[],[],[],[]],"class":["3",[],[],[],[],[],[],[],[],[]]},{"pic":"./frame10000.jpg","bbox":[],"mask":[[{"x":97,"y":161,"maskInd":0},{"x":212,"y":167,"maskInd":1},{"x":208,"y":193,"maskInd":2},{"x":161,"y":201,"maskInd":3},{"x":101,"y":204,"maskInd":4}],[{"x":311,"y":179,"maskInd":5},{"x":350,"y":139,"maskInd":6},{"x":471,"y":19,"maskInd":7},{"x":524,"y":124,"maskInd":8},{"x":368,"y":189,"maskInd":9},{"x":325,"y":207,"maskInd":10},{"x":314,"y":203,"maskInd":11}],[],[],[],[],[],[],[],[]],"class":["1","3",[],[],[],[],[],[],[],[]]},{"pic":"./frame10500.jpg","bbox":[],"mask":[[{"x":112,"y":246,"maskInd":0},{"x":162,"y":241,"maskInd":1},{"x":181,"y":252,"maskInd":2},{"x":173,"y":272,"maskInd":3},{"x":131,"y":285,"maskInd":4}],[{"x":275,"y":223,"maskInd":5},{"x":377,"y":165,"maskInd":6},{"x":517,"y":89,"maskInd":7},{"x":503,"y":273,"maskInd":8},{"x":366,"y":270,"maskInd":9},{"x":284,"y":254,"maskInd":10},{"x":268,"y":241,"maskInd":11}],[],[],[],[],[],[],[],[]],"class":["1","3",[],[],[],[],[],[],[],[]]},{"pic":"./frame11000.jpg","bbox":[],"mask":[[{"x":369,"y":213,"maskInd":0},{"x":427,"y":177,"maskInd":1},{"x":528,"y":146,"maskInd":2},{"x":523,"y":209,"maskInd":3},{"x":403,"y":223,"maskInd":4},{"x":373,"y":230,"maskInd":5}],[],[],[],[],[],[],[],[],[]],"class":["3",[],[],[],[],[],[],[],[],[]]},{"pic":"./frame11500.jpg","bbox":[],"mask":[[{"x":322,"y":205,"maskInd":0},{"x":344,"y":205,"maskInd":1},{"x":365,"y":173,"maskInd":2},{"x":518,"y":97,"maskInd":3},{"x":521,"y":212,"maskInd":4},{"x":445,"y":219,"maskInd":5},{"x":367,"y":226,"maskInd":6},{"x":335,"y":216,"maskInd":7}],[{"x":195,"y":9,"maskInd":8},{"x":345,"y":88,"maskInd":9},{"x":401,"y":109,"maskInd":10},{"x":420,"y":95,"maskInd":11},{"x":406,"y":72,"maskInd":12},{"x":371,"y":41,"maskInd":13},{"x":338,"y":19,"maskInd":14},{"x":318,"y":6,"maskInd":15}],[],[],[],[],[],[],[],[]],"class":["3","1",[],[],[],[],[],[],[],[]]},{"pic":"./frame12000.jpg","bbox":[],"mask":[[{"x":329,"y":192,"maskInd":0},{"x":344,"y":185,"maskInd":1},{"x":353,"y":147,"maskInd":2},{"x":498,"y":49,"maskInd":3},{"x":528,"y":163,"maskInd":4},{"x":429,"y":184,"maskInd":5},{"x":368,"y":203,"maskInd":6},{"x":340,"y":205,"maskInd":7}],[{"x":129,"y":52,"maskInd":8},{"x":303,"y":108,"maskInd":9},{"x":306,"y":100,"maskInd":10},{"x":336,"y":107,"maskInd":11},{"x":348,"y":90,"maskInd":12},{"x":340,"y":71,"maskInd":13},{"x":322,"y":52,"maskInd":14},{"x":248,"y":6,"maskInd":15}],[],[],[],[],[],[],[],[]],"class":["3","1",[],[],[],[],[],[],[],[]]},{"pic":"./frame12500.jpg","bbox":[],"mask":[[{"x":338,"y":161,"maskInd":0},{"x":346,"y":157,"maskInd":1},{"x":354,"y":114,"maskInd":2},{"x":437,"y":27,"maskInd":3},{"x":457,"y":7,"maskInd":4},{"x":516,"y":94,"maskInd":5},{"x":405,"y":147,"maskInd":6},{"x":370,"y":166,"maskInd":7},{"x":343,"y":176,"maskInd":8}],[{"x":213,"y":12,"maskInd":9},{"x":316,"y":60,"maskInd":10},{"x":375,"y":85,"maskInd":11},{"x":398,"y":59,"maskInd":12},{"x":363,"y":21,"maskInd":13},{"x":333,"y":3,"maskInd":14}],[],[],[],[],[],[],[],[]],"class":["3","1",[],[],[],[],[],[],[],[]]},{"pic":"./frame13000.jpg","bbox":[],"mask":[[{"x":98,"y":155,"maskInd":0},{"x":154,"y":166,"maskInd":1},{"x":165,"y":192,"maskInd":2},{"x":121,"y":205,"maskInd":3},{"x":102,"y":205,"maskInd":4}],[],[],[],[],[],[],[],[],[]],"class":["1",[],[],[],[],[],[],[],[],[]]},{"pic":"./frame13500.jpg","bbox":[],"mask":[[{"x":101,"y":130,"maskInd":0},{"x":164,"y":135,"maskInd":1},{"x":180,"y":155,"maskInd":2},{"x":184,"y":177,"maskInd":3},{"x":176,"y":189,"maskInd":4},{"x":99,"y":197,"maskInd":5}],[{"x":297,"y":209,"maskInd":6},{"x":310,"y":231,"maskInd":7},{"x":309,"y":257,"maskInd":8},{"x":272,"y":247,"maskInd":9},{"x":279,"y":268,"maskInd":10},{"x":316,"y":290,"maskInd":11},{"x":454,"y":326,"maskInd":12},{"x":528,"y":150,"maskInd":13},{"x":353,"y":198,"maskInd":14}],[],[],[],[],[],[],[],[]],"class":["1","5",[],[],[],[],[],[],[],[]]},{"pic":"./frame14000.jpg","bbox":[],"mask":[[{"x":100,"y":202,"maskInd":0},{"x":143,"y":210,"maskInd":1},{"x":142,"y":242,"maskInd":2},{"x":114,"y":250,"maskInd":3},{"x":104,"y":227,"maskInd":4}],[{"x":291,"y":203,"maskInd":5},{"x":326,"y":188,"maskInd":6},{"x":519,"y":91,"maskInd":7},{"x":490,"y":285,"maskInd":8},{"x":348,"y":262,"maskInd":9},{"x":319,"y":262,"maskInd":10},{"x":300,"y":251,"maskInd":11},{"x":281,"y":229,"maskInd":12},{"x":313,"y":230,"maskInd":13},{"x":314,"y":210,"maskInd":14}],[],[],[],[],[],[],[],[]],"class":["1","5",[],[],[],[],[],[],[],[]]},{"pic":"./frame14500.jpg","bbox":[],"mask":[[],[],[],[],[],[],[],[],[],[]],"class":[[],[],[],[],[],[],[],[],[],[]]},{"pic":"./frame1500.jpg","bbox":[],"mask":[[{"x":97,"y":179,"maskInd":0},{"x":267,"y":187,"maskInd":1},{"x":265,"y":205,"maskInd":2},{"x":213,"y":215,"maskInd":3},{"x":98,"y":216,"maskInd":4}],[{"x":307,"y":155,"maskInd":5},{"x":314,"y":141,"maskInd":6},{"x":467,"y":12,"maskInd":7},{"x":490,"y":52,"maskInd":8},{"x":327,"y":153,"maskInd":9},{"x":315,"y":163,"maskInd":10}],[{"x":355,"y":139,"maskInd":11},{"x":513,"y":85,"maskInd":12},{"x":506,"y":65,"maskInd":13},{"x":434,"y":89,"maskInd":14}],[],[],[],[],[],[],[]],"class":["1","3","1",[],[],[],[],[],[],[]]},{"pic":"./frame15000.jpg","bbox":[],"mask":[[{"x":98,"y":183,"maskInd":0},{"x":182,"y":188,"maskInd":1},{"x":195,"y":207,"maskInd":2},{"x":184,"y":225,"maskInd":3},{"x":105,"y":230,"maskInd":4}],[{"x":372,"y":152,"maskInd":5},{"x":419,"y":133,"maskInd":6},{"x":462,"y":115,"maskInd":7},{"x":488,"y":91,"maskInd":8},{"x":508,"y":69,"maskInd":9},{"x":525,"y":215,"maskInd":10},{"x":511,"y":211,"maskInd":11},{"x":509,"y":232,"maskInd":12},{"x":425,"y":232,"maskInd":13},{"x":350,"y":185,"maskInd":14},{"x":355,"y":175,"maskInd":15},{"x":421,"y":175,"maskInd":16},{"x":428,"y":164,"maskInd":17},{"x":384,"y":167,"maskInd":18}],[],[],[],[],[],[],[],[]],"class":["1","5",[],[],[],[],[],[],[],[]]},{"pic":"./frame15500.jpg","bbox":[],"mask":[[{"x":230,"y":7,"maskInd":0},{"x":331,"y":69,"maskInd":1},{"x":346,"y":72,"maskInd":2},{"x":369,"y":76,"maskInd":3},{"x":382,"y":65,"maskInd":4},{"x":310,"y":3,"maskInd":5}],[{"x":362,"y":178,"maskInd":6},{"x":404,"y":165,"maskInd":7},{"x":401,"y":146,"maskInd":8},{"x":517,"y":88,"maskInd":9},{"x":529,"y":158,"maskInd":10},{"x":481,"y":172,"maskInd":11},{"x":418,"y":187,"maskInd":12},{"x":382,"y":186,"maskInd":13}],[],[],[],[],[],[],[],[]],"class":["1","4",[],[],[],[],[],[],[],[]]},{"pic":"./frame16000.jpg","bbox":[],"mask":[[{"x":98,"y":132,"maskInd":0},{"x":131,"y":126,"maskInd":1},{"x":154,"y":126,"maskInd":2},{"x":150,"y":101,"maskInd":3},{"x":127,"y":87,"maskInd":4},{"x":111,"y":81,"maskInd":5}],[],[],[],[],[],[],[],[],[]],"class":["1",[],[],[],[],[],[],[],[],[]]},{"pic":"./frame16500.jpg","bbox":[],"mask":[[{"x":374,"y":215,"maskInd":0},{"x":393,"y":213,"maskInd":1},{"x":413,"y":194,"maskInd":2},{"x":483,"y":179,"maskInd":3},{"x":531,"y":167,"maskInd":4},{"x":516,"y":238,"maskInd":5},{"x":434,"y":236,"maskInd":6},{"x":401,"y":237,"maskInd":7},{"x":387,"y":228,"maskInd":8},{"x":364,"y":224,"maskInd":9}],[],[],[],[],[],[],[],[],[]],"class":["3",[],[],[],[],[],[],[],[],[]]},{"pic":"./frame17000.jpg","bbox":[],"mask":[[{"x":293,"y":209,"maskInd":0},{"x":314,"y":181,"maskInd":1},{"x":348,"y":167,"maskInd":2},{"x":473,"y":101,"maskInd":3},{"x":514,"y":85,"maskInd":4},{"x":522,"y":212,"maskInd":5},{"x":348,"y":217,"maskInd":6},{"x":319,"y":223,"maskInd":7}],[],[],[],[],[],[],[],[],[]],"class":["3",[],[],[],[],[],[],[],[],[]]},{"pic":"./frame17500.jpg","bbox":[],"mask":[[{"x":302,"y":177,"maskInd":0},{"x":312,"y":168,"maskInd":1},{"x":318,"y":133,"maskInd":2},{"x":347,"y":95,"maskInd":3},{"x":443,"y":4,"maskInd":4},{"x":528,"y":136,"maskInd":5},{"x":381,"y":176,"maskInd":6},{"x":323,"y":194,"maskInd":7},{"x":304,"y":193,"maskInd":8}],[],[],[],[],[],[],[],[],[]],"class":["3",[],[],[],[],[],[],[],[],[]]},{"pic":"./frame18000.jpg","bbox":[],"mask":[[{"x":242,"y":192,"maskInd":0},{"x":250,"y":171,"maskInd":1},{"x":394,"y":6,"maskInd":2},{"x":523,"y":105,"maskInd":3},{"x":271,"y":200,"maskInd":4},{"x":252,"y":201,"maskInd":5}],[],[],[],[],[],[],[],[],[]],"class":["3",[],[],[],[],[],[],[],[],[]]},{"pic":"./frame18500.jpg","bbox":[],"mask":[[{"x":155,"y":14,"maskInd":0},{"x":252,"y":61,"maskInd":1},{"x":301,"y":89,"maskInd":2},{"x":289,"y":118,"maskInd":3},{"x":112,"y":81,"maskInd":4}],[{"x":293,"y":245,"maskInd":5},{"x":320,"y":252,"maskInd":6},{"x":333,"y":248,"maskInd":7},{"x":360,"y":225,"maskInd":8},{"x":523,"y":214,"maskInd":9},{"x":449,"y":328,"maskInd":10},{"x":361,"y":304,"maskInd":11},{"x":327,"y":282,"maskInd":12},{"x":312,"y":269,"maskInd":13}],[],[],[],[],[],[],[],[]],"class":["1","3",[],[],[],[],[],[],[],[]]},{"pic":"./frame19000.jpg","bbox":[],"mask":[[{"x":387,"y":177,"maskInd":0},{"x":399,"y":168,"maskInd":1},{"x":419,"y":135,"maskInd":2},{"x":516,"y":88,"maskInd":3},{"x":528,"y":147,"maskInd":4},{"x":434,"y":174,"maskInd":5},{"x":390,"y":189,"maskInd":6}],[],[],[],[],[],[],[],[],[]],"class":["3",[],[],[],[],[],[],[],[],[]]},{"pic":"./frame19500.jpg","bbox":[],"mask":[[{"x":369,"y":144,"maskInd":0},{"x":385,"y":135,"maskInd":1},{"x":401,"y":95,"maskInd":2},{"x":483,"y":29,"maskInd":3},{"x":515,"y":94,"maskInd":4},{"x":426,"y":134,"maskInd":5},{"x":380,"y":157,"maskInd":6}],[],[],[],[],[],[],[],[],[]],"class":["3",[],[],[],[],[],[],[],[],[]]},{"pic":"./frame2000.jpg","bbox":[],"mask":[[{"x":102,"y":221,"maskInd":0},{"x":237,"y":220,"maskInd":1},{"x":238,"y":231,"maskInd":2},{"x":197,"y":234,"maskInd":3},{"x":159,"y":246,"maskInd":4},{"x":116,"y":255,"maskInd":5}],[{"x":280,"y":187,"maskInd":6},{"x":288,"y":173,"maskInd":7},{"x":476,"y":28,"maskInd":8},{"x":515,"y":92,"maskInd":9},{"x":284,"y":203,"maskInd":10}],[{"x":303,"y":124,"maskInd":11},{"x":396,"y":84,"maskInd":12},{"x":354,"y":118,"maskInd":13},{"x":308,"y":135,"maskInd":14}],[],[],[],[],[],[],[]],"class":["1","3","1",[],[],[],[],[],[],[]]},{"pic":"./frame20000.jpg","bbox":[],"mask":[[],[],[],[],[],[],[],[],[],[]],"class":[[],[],[],[],[],[],[],[],[],[]]},{"pic":"./frame20500.jpg","bbox":[],"mask":[[{"x":295,"y":162,"maskInd":0},{"x":301,"y":141,"maskInd":1},{"x":296,"y":128,"maskInd":2},{"x":315,"y":101,"maskInd":3},{"x":393,"y":6,"maskInd":4},{"x":496,"y":49,"maskInd":5},{"x":371,"y":134,"maskInd":6},{"x":359,"y":151,"maskInd":7},{"x":336,"y":161,"maskInd":8},{"x":317,"y":175,"maskInd":9},{"x":325,"y":156,"maskInd":10},{"x":334,"y":147,"maskInd":11},{"x":337,"y":137,"maskInd":12},{"x":319,"y":123,"maskInd":13},{"x":316,"y":136,"maskInd":14},{"x":308,"y":147,"maskInd":15},{"x":300,"y":169,"maskInd":16}],[],[],[],[],[],[],[],[],[]],"class":["2",[],[],[],[],[],[],[],[],[]]},{"pic":"./frame21000.jpg","bbox":[],"mask":[[{"x":258,"y":185,"maskInd":0},{"x":242,"y":163,"maskInd":1},{"x":275,"y":4,"maskInd":2},{"x":427,"y":8,"maskInd":3},{"x":276,"y":180,"maskInd":4}],[],[],[],[],[],[],[],[],[]],"class":["3",[],[],[],[],[],[],[],[],[]]},{"pic":"./frame21500.jpg","bbox":[],"mask":[[{"x":252,"y":88,"maskInd":0},{"x":272,"y":78,"maskInd":1},{"x":311,"y":61,"maskInd":2},{"x":295,"y":90,"maskInd":3},{"x":273,"y":96,"maskInd":4}],[{"x":279,"y":147,"maskInd":5},{"x":280,"y":125,"maskInd":6},{"x":289,"y":109,"maskInd":7},{"x":351,"y":2,"maskInd":8},{"x":417,"y":3,"maskInd":9},{"x":305,"y":128,"maskInd":10},{"x":288,"y":150,"maskInd":11}],[],[],[],[],[],[],[],[]],"class":["1","3",[],[],[],[],[],[],[],[]]},{"pic":"./frame22000.jpg","bbox":[],"mask":[[{"x":268,"y":277,"maskInd":0},{"x":272,"y":241,"maskInd":1},{"x":488,"y":7,"maskInd":2},{"x":592,"y":54,"maskInd":3},{"x":301,"y":269,"maskInd":4},{"x":277,"y":284,"maskInd":5}],[{"x":265,"y":66,"maskInd":6},{"x":286,"y":56,"maskInd":7},{"x":408,"y":0,"maskInd":8},{"x":475,"y":3,"maskInd":9},{"x":462,"y":19,"maskInd":10},{"x":311,"y":74,"maskInd":11},{"x":291,"y":78,"maskInd":12},{"x":325,"y":60,"maskInd":13},{"x":318,"y":57,"maskInd":14},{"x":276,"y":72,"maskInd":15}],[],[],[],[],[],[],[],[]],"class":["3","1",[],[],[],[],[],[],[],[]]},{"pic":"./frame22500.jpg","bbox":[],"mask":[[],[],[],[],[],[],[],[],[],[]],"class":[[],[],[],[],[],[],[],[],[],[]]},{"pic":"./frame23000.jpg","bbox":[],"mask":[[{"x":392,"y":178,"maskInd":0},{"x":346,"y":187,"maskInd":1},{"x":325,"y":181,"maskInd":2},{"x":326,"y":171,"maskInd":3},{"x":448,"y":134,"maskInd":4},{"x":503,"y":114,"maskInd":5},{"x":576,"y":128,"maskInd":6},{"x":343,"y":234,"maskInd":7},{"x":321,"y":227,"maskInd":8},{"x":319,"y":213,"maskInd":9}],[],[],[],[],[],[],[],[],[]],"class":["1",[],[],[],[],[],[],[],[],[]]},{"pic":"./frame23500.jpg","bbox":[],"mask":[[{"x":262,"y":198,"maskInd":0},{"x":257,"y":158,"maskInd":1},{"x":343,"y":2,"maskInd":2},{"x":429,"y":2,"maskInd":3},{"x":288,"y":178,"maskInd":4},{"x":273,"y":197,"maskInd":5}],[{"x":321,"y":141,"maskInd":6},{"x":472,"y":38,"maskInd":7},{"x":418,"y":32,"maskInd":8},{"x":360,"y":92,"maskInd":9}],[],[],[],[],[],[],[],[]],"class":["3","1",[],[],[],[],[],[],[],[]]},{"pic":"./frame24000.jpg","bbox":[],"mask":[[{"x":299,"y":136,"maskInd":0},{"x":365,"y":96,"maskInd":1},{"x":448,"y":30,"maskInd":2},{"x":399,"y":24,"maskInd":3},{"x":377,"y":40,"maskInd":4},{"x":363,"y":40,"maskInd":5},{"x":357,"y":62,"maskInd":6},{"x":358,"y":75,"maskInd":7},{"x":311,"y":113,"maskInd":8}],[{"x":207,"y":208,"maskInd":9},{"x":219,"y":223,"maskInd":10},{"x":240,"y":223,"maskInd":11},{"x":373,"y":4,"maskInd":12},{"x":289,"y":3,"maskInd":13}],[],[],[],[],[],[],[],[]],"class":["1","3",[],[],[],[],[],[],[],[]]},{"pic":"./frame24500.jpg","bbox":[],"mask":[[{"x":153,"y":150,"maskInd":0},{"x":140,"y":141,"maskInd":1},{"x":167,"y":5,"maskInd":2},{"x":227,"y":7,"maskInd":3},{"x":179,"y":138,"maskInd":4},{"x":167,"y":150,"maskInd":5}],[{"x":242,"y":86,"maskInd":6},{"x":254,"y":80,"maskInd":7},{"x":356,"y":68,"maskInd":8},{"x":375,"y":50,"maskInd":9},{"x":436,"y":44,"maskInd":10},{"x":286,"y":164,"maskInd":11},{"x":263,"y":169,"maskInd":12},{"x":265,"y":156,"maskInd":13},{"x":333,"y":100,"maskInd":14},{"x":338,"y":86,"maskInd":15},{"x":248,"y":92,"maskInd":16}],[],[],[],[],[],[],[],[]],"class":["3","1",[],[],[],[],[],[],[],[]]}]