[{"pic":"./frame0.jpg","bbox":[],"mask":[[],[],[],[],[],[],[],[],[],[]],"class":[[],[],[],[],[],[],[],[],[],[]]},{"pic":"./frame1000.jpg","bbox":[],"mask":[[{"x":330,"y":140,"maskInd":0},{"x":478,"y":23,"maskInd":1},{"x":503,"y":58,"maskInd":2},{"x":326,"y":162,"maskInd":3},{"x":318,"y":152,"maskInd":4}],[],[],[],[],[],[],[],[],[]],"class":["3",[],[],[],[],[],[],[],[],[]]},{"pic":"./frame10000.jpg","bbox":[],"mask":[[{"x":97,"y":161,"maskInd":0},{"x":212,"y":167,"maskInd":1},{"x":208,"y":193,"maskInd":2},{"x":161,"y":201,"maskInd":3},{"x":101,"y":204,"maskInd":4}],[{"x":311,"y":179,"maskInd":5},{"x":350,"y":139,"maskInd":6},{"x":471,"y":19,"maskInd":7},{"x":524,"y":124,"maskInd":8},{"x":368,"y":189,"maskInd":9},{"x":325,"y":207,"maskInd":10},{"x":314,"y":203,"maskInd":11}],[],[],[],[],[],[],[],[]],"class":["1","3",[],[],[],[],[],[],[],[]]},{"pic":"./frame10500.jpg","bbox":[],"mask":[[{"x":112,"y":246,"maskInd":0},{"x":162,"y":241,"maskInd":1},{"x":181,"y":252,"maskInd":2},{"x":173,"y":272,"maskInd":3},{"x":131,"y":285,"maskInd":4}],[{"x":275,"y":223,"maskInd":5},{"x":377,"y":165,"maskInd":6},{"x":517,"y":89,"maskInd":7},{"x":503,"y":273,"maskInd":8},{"x":366,"y":270,"maskInd":9},{"x":284,"y":254,"maskInd":10},{"x":268,"y":241,"maskInd":11}],[],[],[],[],[],[],[],[]],"class":["1","3",[],[],[],[],[],[],[],[]]},{"pic":"./frame11000.jpg","bbox":[],"mask":[[{"x":369,"y":213,"maskInd":0},{"x":427,"y":177,"maskInd":1},{"x":528,"y":146,"maskInd":2},{"x":523,"y":209,"maskInd":3},{"x":403,"y":223,"maskInd":4},{"x":373,"y":230,"maskInd":5}],[],[],[],[],[],[],[],[],[]],"class":["3",[],[],[],[],[],[],[],[],[]]},{"pic":"./frame11500.jpg","bbox":[],"mask":[[{"x":322,"y":205,"maskInd":0},{"x":344,"y":205,"maskInd":1},{"x":365,"y":173,"maskInd":2},{"x":518,"y":97,"maskInd":3},{"x":521,"y":212,"maskInd":4},{"x":445,"y":219,"maskInd":5},{"x":367,"y":226,"maskInd":6},{"x":335,"y":216,"maskInd":7}],[{"x":195,"y":9,"maskInd":8},{"x":345,"y":88,"maskInd":9},{"x":401,"y":109,"maskInd":10},{"x":420,"y":95,"maskInd":11},{"x":406,"y":72,"maskInd":12},{"x":371,"y":41,"maskInd":13},{"x":338,"y":19,"maskInd":14},{"x":318,"y":6,"maskInd":15}],[],[],[],[],[],[],[],[]],"class":["3","1",[],[],[],[],[],[],[],[]]},{"pic":"./frame12000.jpg","bbox":[],"mask":[[{"x":329,"y":192,"maskInd":0},{"x":344,"y":185,"maskInd":1},{"x":353,"y":147,"maskInd":2},{"x":498,"y":49,"maskInd":3},{"x":528,"y":163,"maskInd":4},{"x":429,"y":184,"maskInd":5},{"x":368,"y":203,"maskInd":6},{"x":340,"y":205,"maskInd":7}],[{"x":129,"y":52,"maskInd":8},{"x":303,"y":108,"maskInd":9},{"x":306,"y":100,"maskInd":10},{"x":336,"y":107,"maskInd":11},{"x":348,"y":90,"maskInd":12},{"x":340,"y":71,"maskInd":13},{"x":322,"y":52,"maskInd":14},{"x":248,"y":6,"maskInd":15}],[],[],[],[],[],[],[],[]],"class":["3","1",[],[],[],[],[],[],[],[]]},{"pic":"./frame12500.jpg","bbox":[],"mask":[[{"x":338,"y":161,"maskInd":0},{"x":346,"y":157,"maskInd":1},{"x":354,"y":114,"maskInd":2},{"x":437,"y":27,"maskInd":3},{"x":457,"y":7,"maskInd":4},{"x":516,"y":94,"maskInd":5},{"x":405,"y":147,"maskInd":6},{"x":370,"y":166,"maskInd":7},{"x":343,"y":176,"maskInd":8}],[{"x":213,"y":12,"maskInd":9},{"x":316,"y":60,"maskInd":10},{"x":375,"y":85,"maskInd":11},{"x":398,"y":59,"maskInd":12},{"x":363,"y":21,"maskInd":13},{"x":333,"y":3,"maskInd":14}],[],[],[],[],[],[],[],[]],"class":["3","1",[],[],[],[],[],[],[],[]]},{"pic":"./frame13000.jpg","bbox":[],"mask":[[{"x":98,"y":155,"maskInd":0},{"x":154,"y":166,"maskInd":1},{"x":165,"y":192,"maskInd":2},{"x":121,"y":205,"maskInd":3},{"x":102,"y":205,"maskInd":4}],[],[],[],[],[],[],[],[],[]],"class":["1",[],[],[],[],[],[],[],[],[]]},{"pic":"./frame13500.jpg","bbox":[],"mask":[[{"x":101,"y":130,"maskInd":0},{"x":164,"y":135,"maskInd":1},{"x":180,"y":155,"maskInd":2},{"x":184,"y":177,"maskInd":3},{"x":176,"y":189,"maskInd":4},{"x":99,"y":197,"maskInd":5}],[{"x":297,"y":209,"maskInd":6},{"x":310,"y":231,"maskInd":7},{"x":309,"y":257,"maskInd":8},{"x":272,"y":247,"maskInd":9},{"x":279,"y":268,"maskInd":10},{"x":316,"y":290,"maskInd":11},{"x":454,"y":326,"maskInd":12},{"x":528,"y":150,"maskInd":13},{"x":353,"y":198,"maskInd":14}],[],[],[],[],[],[],[],[]],"class":["1","5",[],[],[],[],[],[],[],[]]},{"pic":"./frame14000.jpg","bbox":[],"mask":[[{"x":100,"y":202,"maskInd":0},{"x":143,"y":210,"maskInd":1},{"x":142,"y":242,"maskInd":2},{"x":114,"y":250,"maskInd":3},{"x":104,"y":227,"maskInd":4}],[{"x":291,"y":203,"maskInd":5},{"x":326,"y":188,"maskInd":6},{"x":519,"y":91,"maskInd":7},{"x":490,"y":285,"maskInd":8},{"x":348,"y":262,"maskInd":9},{"x":319,"y":262,"maskInd":10},{"x":300,"y":251,"maskInd":11},{"x":281,"y":229,"maskInd":12},{"x":313,"y":230,"maskInd":13},{"x":314,"y":210,"maskInd":14}],[],[],[],[],[],[],[],[]],"class":["1","5",[],[],[],[],[],[],[],[]]},{"pic":"./frame14500.jpg","bbox":[],"mask":[[],[],[],[],[],[],[],[],[],[]],"class":[[],[],[],[],[],[],[],[],[],[]]},{"pic":"./frame1500.jpg","bbox":[],"mask":[[{"x":97,"y":179,"maskInd":0},{"x":267,"y":187,"maskInd":1},{"x":265,"y":205,"maskInd":2},{"x":213,"y":215,"maskInd":3},{"x":98,"y":216,"maskInd":4}],[{"x":307,"y":155,"maskInd":5},{"x":314,"y":141,"maskInd":6},{"x":467,"y":12,"maskInd":7},{"x":490,"y":52,"maskInd":8},{"x":327,"y":153,"maskInd":9},{"x":315,"y":163,"maskInd":10}],[{"x":355,"y":139,"maskInd":11},{"x":513,"y":85,"maskInd":12},{"x":506,"y":65,"maskInd":13},{"x":434,"y":89,"maskInd":14}],[],[],[],[],[],[],[]],"class":["1","3","1",[],[],[],[],[],[],[]]},{"pic":"./frame15000.jpg","bbox":[],"mask":[[{"x":98,"y":183,"maskInd":0},{"x":182,"y":188,"maskInd":1},{"x":195,"y":207,"maskInd":2},{"x":184,"y":225,"maskInd":3},{"x":105,"y":230,"maskInd":4}],[{"x":372,"y":152,"maskInd":5},{"x":419,"y":133,"maskInd":6},{"x":462,"y":115,"maskInd":7},{"x":488,"y":91,"maskInd":8},{"x":508,"y":69,"maskInd":9},{"x":525,"y":215,"maskInd":10},{"x":511,"y":211,"maskInd":11},{"x":509,"y":232,"maskInd":12},{"x":425,"y":232,"maskInd":13},{"x":350,"y":185,"maskInd":14},{"x":355,"y":175,"maskInd":15},{"x":421,"y":175,"maskInd":16},{"x":428,"y":164,"maskInd":17},{"x":384,"y":167,"maskInd":18}],[],[],[],[],[],[],[],[]],"class":["1","5",[],[],[],[],[],[],[],[]]},{"pic":"./frame15500.jpg","bbox":[],"mask":[[{"x":230,"y":7,"maskInd":0},{"x":331,"y":69,"maskInd":1},{"x":346,"y":72,"maskInd":2},{"x":369,"y":76,"maskInd":3},{"x":382,"y":65,"maskInd":4},{"x":310,"y":3,"maskInd":5}],[{"x":362,"y":178,"maskInd":6},{"x":404,"y":165,"maskInd":7},{"x":401,"y":146,"maskInd":8},{"x":517,"y":88,"maskInd":9},{"x":529,"y":158,"maskInd":10},{"x":481,"y":172,"maskInd":11},{"x":418,"y":187,"maskInd":12},{"x":382,"y":186,"maskInd":13}],[],[],[],[],[],[],[],[]],"class":["1","4",[],[],[],[],[],[],[],[]]},{"pic":"./frame16000.jpg","bbox":[],"mask":[[{"x":98,"y":132,"maskInd":0},{"x":131,"y":126,"maskInd":1},{"x":154,"y":126,"maskInd":2},{"x":150,"y":101,"maskInd":3},{"x":127,"y":87,"maskInd":4},{"x":111,"y":81,"maskInd":5}],[],[],[],[],[],[],[],[],[]],"class":["1",[],[],[],[],[],[],[],[],[]]},{"pic":"./frame16500.jpg","bbox":[],"mask":[[{"x":374,"y":215,"maskInd":0},{"x":393,"y":213,"maskInd":1},{"x":413,"y":194,"maskInd":2},{"x":483,"y":179,"maskInd":3},{"x":531,"y":167,"maskInd":4},{"x":516,"y":238,"maskInd":5},{"x":434,"y":236,"maskInd":6},{"x":401,"y":237,"maskInd":7},{"x":387,"y":228,"maskInd":8},{"x":364,"y":224,"maskInd":9}],[],[],[],[],[],[],[],[],[]],"class":["3",[],[],[],[],[],[],[],[],[]]},{"pic":"./frame17000.jpg","bbox":[],"mask":[[{"x":293,"y":209,"maskInd":0},{"x":314,"y":181,"maskInd":1},{"x":348,"y":167,"maskInd":2},{"x":473,"y":101,"maskInd":3},{"x":514,"y":85,"maskInd":4},{"x":522,"y":212,"maskInd":5},{"x":348,"y":217,"maskInd":6},{"x":319,"y":223,"maskInd":7}],[],[],[],[],[],[],[],[],[]],"class":["3",[],[],[],[],[],[],[],[],[]]},{"pic":"./frame17500.jpg","bbox":[],"mask":[[{"x":302,"y":177,"maskInd":0},{"x":312,"y":168,"maskInd":1},{"x":318,"y":133,"maskInd":2},{"x":347,"y":95,"maskInd":3},{"x":443,"y":4,"maskInd":4},{"x":528,"y":136,"maskInd":5},{"x":381,"y":176,"maskInd":6},{"x":323,"y":194,"maskInd":7},{"x":304,"y":193,"maskInd":8}],[],[],[],[],[],[],[],[],[]],"class":["3",[],[],[],[],[],[],[],[],[]]},{"pic":"./frame18000.jpg","bbox":[],"mask":[[{"x":242,"y":192,"maskInd":0},{"x":250,"y":171,"maskInd":1},{"x":394,"y":6,"maskInd":2},{"x":523,"y":105,"maskInd":3},{"x":271,"y":200,"maskInd":4},{"x":252,"y":201,"maskInd":5}],[],[],[],[],[],[],[],[],[]],"class":["3",[],[],[],[],[],[],[],[],[]]},{"pic":"./frame18500.jpg","bbox":[],"mask":[[{"x":155,"y":14,"maskInd":0},{"x":252,"y":61,"maskInd":1},{"x":301,"y":89,"maskInd":2},{"x":289,"y":118,"maskInd":3},{"x":112,"y":81,"maskInd":4}],[{"x":293,"y":245,"maskInd":5},{"x":320,"y":252,"maskInd":6},{"x":333,"y":248,"maskInd":7},{"x":360,"y":225,"maskInd":8},{"x":523,"y":214,"maskInd":9},{"x":449,"y":328,"maskInd":10},{"x":361,"y":304,"maskInd":11},{"x":327,"y":282,"maskInd":12},{"x":312,"y":269,"maskInd":13}],[],[],[],[],[],[],[],[]],"class":["1","3",[],[],[],[],[],[],[],[]]},{"pic":"./frame19000.jpg","bbox":[],"mask":[[{"x":387,"y":177,"maskInd":0},{"x":399,"y":168,"maskInd":1},{"x":419,"y":135,"maskInd":2},{"x":516,"y":88,"maskInd":3},{"x":528,"y":147,"maskInd":4},{"x":434,"y":174,"maskInd":5},{"x":390,"y":189,"maskInd":6}],[],[],[],[],[],[],[],[],[]],"class":["3",[],[],[],[],[],[],[],[],[]]},{"pic":"./frame19500.jpg","bbox":[],"mask":[[{"x":369,"y":144,"maskInd":0},{"x":385,"y":135,"maskInd":1},{"x":401,"y":95,"maskInd":2},{"x":483,"y":29,"maskInd":3},{"x":515,"y":94,"maskInd":4},{"x":426,"y":134,"maskInd":5},{"x":380,"y":157,"maskInd":6}],[],[],[],[],[],[],[],[],[]],"class":["3",[],[],[],[],[],[],[],[],[]]},{"pic":"./frame2000.jpg","bbox":[],"mask":[[{"x":102,"y":221,"maskInd":0},{"x":237,"y":220,"maskInd":1},{"x":238,"y":231,"maskInd":2},{"x":197,"y":234,"maskInd":3},{"x":159,"y":246,"maskInd":4},{"x":116,"y":255,"maskInd":5}],[{"x":280,"y":187,"maskInd":6},{"x":288,"y":173,"maskInd":7},{"x":476,"y":28,"maskInd":8},{"x":515,"y":92,"maskInd":9},{"x":284,"y":203,"maskInd":10}],[{"x":303,"y":124,"maskInd":11},{"x":396,"y":84,"maskInd":12},{"x":354,"y":118,"maskInd":13},{"x":308,"y":135,"maskInd":14}],[],[],[],[],[],[],[]],"class":["1","3","1",[],[],[],[],[],[],[]]},{"pic":"./frame20000.jpg","bbox":[],"mask":[[],[],[],[],[],[],[],[],[],[]],"class":[[],[],[],[],[],[],[],[],[],[]]},{"pic":"./frame20500.jpg","bbox":[],"mask":[[{"x":295,"y":162,"maskInd":0},{"x":301,"y":141,"maskInd":1},{"x":296,"y":128,"maskInd":2},{"x":315,"y":101,"maskInd":3},{"x":393,"y":6,"maskInd":4},{"x":496,"y":49,"maskInd":5},{"x":371,"y":134,"maskInd":6},{"x":359,"y":151,"maskInd":7},{"x":336,"y":161,"maskInd":8},{"x":317,"y":175,"maskInd":9},{"x":325,"y":156,"maskInd":10},{"x":334,"y":147,"maskInd":11},{"x":337,"y":137,"maskInd":12},{"x":319,"y":123,"maskInd":13},{"x":316,"y":136,"maskInd":14},{"x":308,"y":147,"maskInd":15},{"x":300,"y":169,"maskInd":16}],[],[],[],[],[],[],[],[],[]],"class":["2",[],[],[],[],[],[],[],[],[]]},{"pic":"./frame21000.jpg","bbox":[],"mask":[[{"x":258,"y":185,"maskInd":0},{"x":242,"y":163,"maskInd":1},{"x":275,"y":4,"maskInd":2},{"x":427,"y":8,"maskInd":3},{"x":276,"y":180,"maskInd":4}],[],[],[],[],[],[],[],[],[]],"class":["3",[],[],[],[],[],[],[],[],[]]},{"pic":"./frame21500.jpg","bbox":[],"mask":[[{"x":252,"y":88,"maskInd":0},{"x":272,"y":78,"maskInd":1},{"x":311,"y":61,"maskInd":2},{"x":295,"y":90,"maskInd":3},{"x":273,"y":96,"maskInd":4}],[{"x":279,"y":147,"maskInd":5},{"x":280,"y":125,"maskInd":6},{"x":289,"y":109,"maskInd":7},{"x":351,"y":2,"maskInd":8},{"x":417,"y":3,"maskInd":9},{"x":305,"y":128,"maskInd":10},{"x":288,"y":150,"maskInd":11}],[],[],[],[],[],[],[],[]],"class":["1","3",[],[],[],[],[],[],[],[]]},{"pic":"./frame22000.jpg","bbox":[],"mask":[[{"x":268,"y":277,"maskInd":0},{"x":272,"y":241,"maskInd":1},{"x":488,"y":7,"maskInd":2},{"x":592,"y":54,"maskInd":3},{"x":301,"y":269,"maskInd":4},{"x":277,"y":284,"maskInd":5}],[{"x":265,"y":66,"maskInd":6},{"x":286,"y":56,"maskInd":7},{"x":408,"y":0,"maskInd":8},{"x":475,"y":3,"maskInd":9},{"x":462,"y":19,"maskInd":10},{"x":311,"y":74,"maskInd":11},{"x":291,"y":78,"maskInd":12},{"x":325,"y":60,"maskInd":13},{"x":318,"y":57,"maskInd":14},{"x":276,"y":72,"maskInd":15}],[],[],[],[],[],[],[],[]],"class":["3","1",[],[],[],[],[],[],[],[]]},{"pic":"./frame22500.jpg","bbox":[],"mask":[[],[],[],[],[],[],[],[],[],[]],"class":[[],[],[],[],[],[],[],[],[],[]]},{"pic":"./frame23000.jpg","bbox":[],"mask":[[{"x":392,"y":178,"maskInd":0},{"x":346,"y":187,"maskInd":1},{"x":325,"y":181,"maskInd":2},{"x":326,"y":171,"maskInd":3},{"x":448,"y":134,"maskInd":4},{"x":503,"y":114,"maskInd":5},{"x":576,"y":128,"maskInd":6},{"x":343,"y":234,"maskInd":7},{"x":321,"y":227,"maskInd":8},{"x":319,"y":213,"maskInd":9}],[],[],[],[],[],[],[],[],[]],"class":["1",[],[],[],[],[],[],[],[],[]]},{"pic":"./frame23500.jpg","bbox":[],"mask":[[{"x":262,"y":198,"maskInd":0},{"x":257,"y":158,"maskInd":1},{"x":343,"y":2,"maskInd":2},{"x":429,"y":2,"maskInd":3},{"x":288,"y":178,"maskInd":4},{"x":273,"y":197,"maskInd":5}],[{"x":321,"y":141,"maskInd":6},{"x":472,"y":38,"maskInd":7},{"x":418,"y":32,"maskInd":8},{"x":360,"y":92,"maskInd":9}],[],[],[],[],[],[],[],[]],"class":["3","1",[],[],[],[],[],[],[],[]]},{"pic":"./frame24000.jpg","bbox":[],"mask":[[{"x":299,"y":136,"maskInd":0},{"x":365,"y":96,"maskInd":1},{"x":448,"y":30,"maskInd":2},{"x":399,"y":24,"maskInd":3},{"x":377,"y":40,"maskInd":4},{"x":363,"y":40,"maskInd":5},{"x":357,"y":62,"maskInd":6},{"x":358,"y":75,"maskInd":7},{"x":311,"y":113,"maskInd":8}],[{"x":207,"y":208,"maskInd":9},{"x":219,"y":223,"maskInd":10},{"x":240,"y":223,"maskInd":11},{"x":373,"y":4,"maskInd":12},{"x":289,"y":3,"maskInd":13}],[],[],[],[],[],[],[],[]],"class":["1","3",[],[],[],[],[],[],[],[]]},{"pic":"./frame24500.jpg","bbox":[],"mask":[[{"x":153,"y":150,"maskInd":0},{"x":140,"y":141,"maskInd":1},{"x":167,"y":5,"maskInd":2},{"x":227,"y":7,"maskInd":3},{"x":179,"y":138,"maskInd":4},{"x":167,"y":150,"maskInd":5}],[{"x":242,"y":86,"maskInd":6},{"x":254,"y":80,"maskInd":7},{"x":356,"y":68,"maskInd":8},{"x":375,"y":50,"maskInd":9},{"x":436,"y":44,"maskInd":10},{"x":286,"y":164,"maskInd":11},{"x":263,"y":169,"maskInd":12},{"x":265,"y":156,"maskInd":13},{"x":333,"y":100,"maskInd":14},{"x":338,"y":86,"maskInd":15},{"x":248,"y":92,"maskInd":16}],[],[],[],[],[],[],[],[]],"class":["3","1",[],[],[],[],[],[],[],[]]},{"pic":"./frame2500.jpg","bbox":[],"mask":[[{"x":307,"y":129,"maskInd":0},{"x":346,"y":125,"maskInd":1},{"x":381,"y":116,"maskInd":2},{"x":455,"y":102,"maskInd":3},{"x":496,"y":79,"maskInd":4},{"x":462,"y":78,"maskInd":5},{"x":311,"y":121,"maskInd":6}],[{"x":268,"y":209,"maskInd":7},{"x":284,"y":201,"maskInd":8},{"x":449,"y":108,"maskInd":9},{"x":508,"y":75,"maskInd":10},{"x":530,"y":155,"maskInd":11},{"x":288,"y":221,"maskInd":12},{"x":266,"y":224,"maskInd":13}],[],[],[],[],[],[],[],[]],"class":["1","3",[],[],[],[],[],[],[],[]]},{"pic":"./frame25000.jpg","bbox":[],"mask":[[{"x":177,"y":142,"maskInd":0},{"x":177,"y":121,"maskInd":1},{"x":167,"y":110,"maskInd":2},{"x":202,"y":3,"maskInd":3},{"x":247,"y":3,"maskInd":4},{"x":208,"y":110,"maskInd":5},{"x":191,"y":120,"maskInd":6},{"x":190,"y":137,"maskInd":7},{"x":185,"y":148,"maskInd":8}],[{"x":312,"y":90,"maskInd":9},{"x":316,"y":82,"maskInd":10},{"x":417,"y":70,"maskInd":11},{"x":474,"y":21,"maskInd":12},{"x":531,"y":11,"maskInd":13},{"x":471,"y":66,"maskInd":14},{"x":355,"y":163,"maskInd":15},{"x":337,"y":165,"maskInd":16},{"x":332,"y":153,"maskInd":17},{"x":402,"y":101,"maskInd":18},{"x":405,"y":82,"maskInd":19}],[],[],[],[],[],[],[],[]],"class":["3","1",[],[],[],[],[],[],[],[]]},{"pic":"./frame25500.jpg","bbox":[],"mask":[[{"x":312,"y":186,"maskInd":0},{"x":462,"y":6,"maskInd":1},{"x":371,"y":5,"maskInd":2},{"x":283,"y":166,"maskInd":3},{"x":273,"y":187,"maskInd":4},{"x":286,"y":192,"maskInd":5}],[{"x":418,"y":64,"maskInd":6},{"x":441,"y":57,"maskInd":7},{"x":477,"y":31,"maskInd":8},{"x":530,"y":30,"maskInd":9},{"x":374,"y":146,"maskInd":10},{"x":364,"y":142,"maskInd":11},{"x":431,"y":88,"maskInd":12},{"x":433,"y":77,"maskInd":13},{"x":399,"y":87,"maskInd":14}],[],[],[],[],[],[],[],[]],"class":["3","1",[],[],[],[],[],[],[],[]]},{"pic":"./frame26000.jpg","bbox":[],"mask":[[{"x":345,"y":140,"maskInd":0},{"x":410,"y":84,"maskInd":1},{"x":410,"y":71,"maskInd":2},{"x":324,"y":103,"maskInd":3},{"x":322,"y":91,"maskInd":4},{"x":415,"y":55,"maskInd":5},{"x":447,"y":35,"maskInd":6},{"x":409,"y":103,"maskInd":7},{"x":351,"y":147,"maskInd":8}],[{"x":363,"y":189,"maskInd":9},{"x":367,"y":207,"maskInd":10},{"x":384,"y":209,"maskInd":11},{"x":400,"y":184,"maskInd":12},{"x":559,"y":3,"maskInd":13},{"x":470,"y":8,"maskInd":14}],[],[],[],[],[],[],[],[]],"class":["1","2",[],[],[],[],[],[],[],[]]},{"pic":"./frame26500.jpg","bbox":[],"mask":[[{"x":321,"y":189,"maskInd":0},{"x":330,"y":203,"maskInd":1},{"x":344,"y":189,"maskInd":2},{"x":487,"y":3,"maskInd":3},{"x":401,"y":6,"maskInd":4},{"x":320,"y":166,"maskInd":5}],[],[],[],[],[],[],[],[],[]],"class":["2",[],[],[],[],[],[],[],[],[]]},{"pic":"./frame27000.jpg","bbox":[],"mask":[[],[],[],[],[],[],[],[],[],[]],"class":[[],[],[],[],[],[],[],[],[],[]]},{"pic":"./frame27500.jpg","bbox":[],"mask":[[],[],[],[],[],[],[],[],[],[]],"class":[[],[],[],[],[],[],[],[],[],[]]},{"pic":"./frame28000.jpg","bbox":[],"mask":[[{"x":2,"y":100,"maskInd":0},{"x":200,"y":98,"maskInd":1},{"x":222,"y":106,"maskInd":2},{"x":216,"y":118,"maskInd":3},{"x":179,"y":130,"maskInd":4},{"x":3,"y":146,"maskInd":5}],[{"x":186,"y":132,"maskInd":6},{"x":209,"y":186,"maskInd":7},{"x":244,"y":247,"maskInd":8},{"x":266,"y":281,"maskInd":9},{"x":297,"y":326,"maskInd":10},{"x":453,"y":327,"maskInd":11},{"x":450,"y":134,"maskInd":12},{"x":484,"y":117,"maskInd":13},{"x":498,"y":91,"maskInd":14},{"x":489,"y":61,"maskInd":15},{"x":425,"y":17,"maskInd":16},{"x":362,"y":36,"maskInd":17},{"x":333,"y":42,"maskInd":18},{"x":326,"y":25,"maskInd":19},{"x":307,"y":29,"maskInd":20},{"x":284,"y":47,"maskInd":21},{"x":248,"y":53,"maskInd":22},{"x":229,"y":80,"maskInd":23},{"x":232,"y":139,"maskInd":24},{"x":220,"y":125,"maskInd":25}],[{"x":334,"y":17,"maskInd":26},{"x":333,"y":31,"maskInd":27},{"x":345,"y":38,"maskInd":28},{"x":447,"y":5,"maskInd":29},{"x":379,"y":3,"maskInd":30}],[],[],[],[],[],[],[]],"class":["1","7","1",[],[],[],[],[],[],[]]},{"pic":"./frame28500.jpg","bbox":[],"mask":[[{"x":2,"y":143,"maskInd":0},{"x":231,"y":146,"maskInd":1},{"x":271,"y":141,"maskInd":2},{"x":279,"y":158,"maskInd":3},{"x":247,"y":167,"maskInd":4},{"x":3,"y":184,"maskInd":5}],[{"x":233,"y":135,"maskInd":6},{"x":227,"y":106,"maskInd":7},{"x":235,"y":90,"maskInd":8},{"x":305,"y":64,"maskInd":9},{"x":351,"y":36,"maskInd":10},{"x":368,"y":30,"maskInd":11},{"x":396,"y":43,"maskInd":12},{"x":413,"y":52,"maskInd":13},{"x":412,"y":80,"maskInd":14},{"x":390,"y":105,"maskInd":15},{"x":309,"y":143,"maskInd":16},{"x":282,"y":145,"maskInd":17}],[{"x":403,"y":102,"maskInd":18},{"x":431,"y":70,"maskInd":19},{"x":477,"y":31,"maskInd":20},{"x":506,"y":4,"maskInd":21},{"x":554,"y":32,"maskInd":22},{"x":482,"y":74,"maskInd":23},{"x":430,"y":109,"maskInd":24},{"x":413,"y":110,"maskInd":25}],[],[],[],[],[],[],[]],"class":["1","7","5",[],[],[],[],[],[],[]]},{"pic":"./frame29000.jpg","bbox":[],"mask":[[{"x":4,"y":155,"maskInd":0},{"x":230,"y":146,"maskInd":1},{"x":211,"y":161,"maskInd":2},{"x":240,"y":159,"maskInd":3},{"x":198,"y":174,"maskInd":4},{"x":4,"y":195,"maskInd":5}],[{"x":216,"y":138,"maskInd":6},{"x":293,"y":76,"maskInd":7},{"x":337,"y":85,"maskInd":8},{"x":360,"y":75,"maskInd":9},{"x":385,"y":88,"maskInd":10},{"x":395,"y":120,"maskInd":11},{"x":347,"y":193,"maskInd":12},{"x":347,"y":216,"maskInd":13},{"x":271,"y":261,"maskInd":14},{"x":202,"y":258,"maskInd":15},{"x":153,"y":241,"maskInd":16},{"x":147,"y":199,"maskInd":17},{"x":173,"y":184,"maskInd":18},{"x":191,"y":183,"maskInd":19},{"x":220,"y":173,"maskInd":20},{"x":246,"y":165,"maskInd":21},{"x":249,"y":153,"maskInd":22},{"x":240,"y":144,"maskInd":23}],[{"x":451,"y":35,"maskInd":24},{"x":459,"y":45,"maskInd":25},{"x":539,"y":16,"maskInd":26},{"x":518,"y":3,"maskInd":27},{"x":487,"y":12,"maskInd":28},{"x":461,"y":22,"maskInd":29}],[],[],[],[],[],[],[]],"class":["1","7","1",[],[],[],[],[],[],[]]},{"pic":"./frame29500.jpg","bbox":[],"mask":[[],[],[],[],[],[],[],[],[],[]],"class":[[],[],[],[],[],[],[],[],[],[]]},{"pic":"./frame3000.jpg","bbox":[],"mask":[[{"x":295,"y":261,"maskInd":0},{"x":309,"y":264,"maskInd":1},{"x":334,"y":251,"maskInd":2},{"x":397,"y":251,"maskInd":3},{"x":515,"y":234,"maskInd":4},{"x":468,"y":316,"maskInd":5},{"x":325,"y":289,"maskInd":6},{"x":305,"y":281,"maskInd":7}],[],[],[],[],[],[],[],[],[]],"class":["3",[],[],[],[],[],[],[],[],[]]},{"pic":"./frame30000.jpg","bbox":[],"mask":[[],[],[],[],[],[],[],[],[],[]],"class":[[],[],[],[],[],[],[],[],[],[]]},{"pic":"./frame3500.jpg","bbox":[],"mask":[[{"x":98,"y":150,"maskInd":0},{"x":227,"y":141,"maskInd":1},{"x":239,"y":159,"maskInd":2},{"x":154,"y":174,"maskInd":3},{"x":206,"y":173,"maskInd":4},{"x":209,"y":194,"maskInd":5},{"x":99,"y":191,"maskInd":6}],[{"x":342,"y":96,"maskInd":7},{"x":494,"y":48,"maskInd":8},{"x":507,"y":67,"maskInd":9},{"x":353,"y":113,"maskInd":10},{"x":343,"y":109,"maskInd":11}],[],[],[],[],[],[],[],[]],"class":["1","1",[],[],[],[],[],[],[],[]]},{"pic":"./frame35000.jpg","bbox":[],"mask":[[{"x":270,"y":161,"maskInd":0},{"x":282,"y":169,"maskInd":1},{"x":301,"y":145,"maskInd":2},{"x":474,"y":81,"maskInd":3},{"x":493,"y":152,"maskInd":4},{"x":305,"y":177,"maskInd":5},{"x":280,"y":179,"maskInd":6}],[],[],[],[],[],[],[],[],[]],"class":["3",[],[],[],[],[],[],[],[],[]]},{"pic":"./frame4000.jpg","bbox":[],"mask":[[{"x":356,"y":311,"maskInd":0},{"x":387,"y":303,"maskInd":1},{"x":416,"y":292,"maskInd":2},{"x":452,"y":288,"maskInd":3},{"x":489,"y":288,"maskInd":4},{"x":433,"y":331,"maskInd":5},{"x":396,"y":329,"maskInd":6},{"x":368,"y":323,"maskInd":7},{"x":357,"y":324,"maskInd":8}],[{"x":277,"y":47,"maskInd":9},{"x":299,"y":27,"maskInd":10},{"x":360,"y":3,"maskInd":11},{"x":443,"y":3,"maskInd":12},{"x":377,"y":32,"maskInd":13},{"x":295,"y":58,"maskInd":14},{"x":282,"y":60,"maskInd":15}],[],[],[],[],[],[],[],[]],"class":["3","1",[],[],[],[],[],[],[],[]]},{"pic":"./frame40000.jpg","bbox":[],"mask":[[{"x":233,"y":196,"maskInd":0},{"x":258,"y":179,"maskInd":1},{"x":493,"y":147,"maskInd":2},{"x":478,"y":248,"maskInd":3},{"x":255,"y":212,"maskInd":4}],[{"x":205,"y":56,"maskInd":5},{"x":214,"y":36,"maskInd":6},{"x":253,"y":3,"maskInd":7},{"x":295,"y":6,"maskInd":8},{"x":222,"y":62,"maskInd":9}],[],[],[],[],[],[],[],[]],"class":["3","1",[],[],[],[],[],[],[],[]]},{"pic":"./frame4500.jpg","bbox":[],"mask":[[{"x":316,"y":61,"maskInd":0},{"x":441,"y":35,"maskInd":1},{"x":427,"y":58,"maskInd":2},{"x":320,"y":78,"maskInd":3},{"x":314,"y":69,"maskInd":4}],[{"x":350,"y":100,"maskInd":5},{"x":410,"y":66,"maskInd":6},{"x":437,"y":57,"maskInd":7},{"x":477,"y":26,"maskInd":8},{"x":498,"y":54,"maskInd":9},{"x":463,"y":78,"maskInd":10},{"x":450,"y":85,"maskInd":11},{"x":445,"y":99,"maskInd":12},{"x":381,"y":118,"maskInd":13},{"x":358,"y":114,"maskInd":14}],[{"x":380,"y":225,"maskInd":15},{"x":424,"y":230,"maskInd":16},{"x":473,"y":232,"maskInd":17},{"x":520,"y":212,"maskInd":18},{"x":502,"y":270,"maskInd":19},{"x":446,"y":271,"maskInd":20},{"x":418,"y":253,"maskInd":21},{"x":384,"y":248,"maskInd":22},{"x":375,"y":237,"maskInd":23}],[],[],[],[],[],[],[]],"class":["1","2","2",[],[],[],[],[],[],[]]},{"pic":"./frame45000.jpg","bbox":[],"mask":[[{"x":314,"y":218,"maskInd":0},{"x":363,"y":214,"maskInd":1},{"x":434,"y":211,"maskInd":2},{"x":489,"y":223,"maskInd":3},{"x":447,"y":291,"maskInd":4},{"x":343,"y":247,"maskInd":5},{"x":314,"y":232,"maskInd":6}],[{"x":331,"y":75,"maskInd":7},{"x":371,"y":52,"maskInd":8},{"x":416,"y":31,"maskInd":9},{"x":436,"y":26,"maskInd":10},{"x":454,"y":51,"maskInd":11},{"x":346,"y":85,"maskInd":12},{"x":330,"y":86,"maskInd":13}],[],[],[],[],[],[],[],[]],"class":["3","1",[],[],[],[],[],[],[],[]]},{"pic":"./frame500.jpg","bbox":[],"mask":[[{"x":299,"y":95,"maskInd":0},{"x":328,"y":73,"maskInd":1},{"x":401,"y":45,"maskInd":2},{"x":477,"y":22,"maskInd":3},{"x":486,"y":32,"maskInd":4},{"x":374,"y":77,"maskInd":5},{"x":305,"y":106,"maskInd":6}],[],[],[],[],[],[],[],[],[]],"class":["1",[],[],[],[],[],[],[],[],[]]},{"pic":"./frame5000.jpg","bbox":[],"mask":[[{"x":282,"y":128,"maskInd":0},{"x":285,"y":143,"maskInd":1},{"x":305,"y":130,"maskInd":2},{"x":315,"y":123,"maskInd":3},{"x":322,"y":127,"maskInd":4},{"x":320,"y":141,"maskInd":5},{"x":336,"y":133,"maskInd":6},{"x":481,"y":34,"maskInd":7},{"x":412,"y":2,"maskInd":8},{"x":316,"y":90,"maskInd":9},{"x":308,"y":110,"maskInd":10}],[],[],[],[],[],[],[],[],[]],"class":["2",[],[],[],[],[],[],[],[],[]]},{"pic":"./frame50000.jpg","bbox":[],"mask":[[{"x":134,"y":24,"maskInd":0},{"x":294,"y":127,"maskInd":1},{"x":291,"y":135,"maskInd":2},{"x":271,"y":129,"maskInd":3},{"x":214,"y":105,"maskInd":4},{"x":114,"y":55,"maskInd":5}],[{"x":307,"y":82,"maskInd":6},{"x":316,"y":85,"maskInd":7},{"x":323,"y":92,"maskInd":8},{"x":335,"y":73,"maskInd":9},{"x":453,"y":38,"maskInd":10},{"x":479,"y":91,"maskInd":11},{"x":347,"y":97,"maskInd":12},{"x":317,"y":103,"maskInd":13},{"x":309,"y":94,"maskInd":14}],[{"x":289,"y":169,"maskInd":15},{"x":493,"y":166,"maskInd":16},{"x":491,"y":200,"maskInd":17},{"x":294,"y":188,"maskInd":18},{"x":282,"y":180,"maskInd":19}],[],[],[],[],[],[],[]],"class":["1","3","1",[],[],[],[],[],[],[]]},{"pic":"./frame5500.jpg","bbox":[],"mask":[[{"x":109,"y":229,"maskInd":0},{"x":320,"y":223,"maskInd":1},{"x":325,"y":242,"maskInd":2},{"x":311,"y":253,"maskInd":3},{"x":131,"y":273,"maskInd":4}],[{"x":309,"y":56,"maskInd":5},{"x":421,"y":20,"maskInd":6},{"x":461,"y":28,"maskInd":7},{"x":314,"y":73,"maskInd":8},{"x":308,"y":66,"maskInd":9}],[],[],[],[],[],[],[],[]],"class":["1","1",[],[],[],[],[],[],[],[]]},{"pic":"./frame55000.jpg","bbox":[],"mask":[[{"x":142,"y":194,"maskInd":0},{"x":169,"y":165,"maskInd":1},{"x":185,"y":169,"maskInd":2},{"x":199,"y":184,"maskInd":3},{"x":217,"y":188,"maskInd":4},{"x":229,"y":171,"maskInd":5},{"x":214,"y":161,"maskInd":6},{"x":191,"y":160,"maskInd":7},{"x":183,"y":153,"maskInd":8},{"x":192,"y":145,"maskInd":9},{"x":207,"y":151,"maskInd":10},{"x":223,"y":161,"maskInd":11},{"x":232,"y":185,"maskInd":12},{"x":255,"y":199,"maskInd":13},{"x":266,"y":210,"maskInd":14},{"x":260,"y":225,"maskInd":15},{"x":229,"y":236,"maskInd":16},{"x":199,"y":241,"maskInd":17},{"x":172,"y":226,"maskInd":18},{"x":156,"y":218,"maskInd":19}],[{"x":100,"y":86,"maskInd":20},{"x":178,"y":149,"maskInd":21},{"x":222,"y":171,"maskInd":22},{"x":198,"y":174,"maskInd":23},{"x":172,"y":160,"maskInd":24},{"x":93,"y":104,"maskInd":25}],[],[],[],[],[],[],[],[]],"class":["7","1",[],[],[],[],[],[],[],[]]},{"pic":"./frame6000.jpg","bbox":[],"mask":[[{"x":364,"y":241,"maskInd":0},{"x":395,"y":207,"maskInd":1},{"x":526,"y":162,"maskInd":2},{"x":511,"y":246,"maskInd":3},{"x":362,"y":255,"maskInd":4}],[{"x":95,"y":179,"maskInd":5},{"x":281,"y":182,"maskInd":6},{"x":289,"y":198,"maskInd":7},{"x":284,"y":212,"maskInd":8},{"x":102,"y":227,"maskInd":9}],[],[],[],[],[],[],[],[]],"class":["3","1",[],[],[],[],[],[],[],[]]},{"pic":"./frame6500.jpg","bbox":[],"mask":[[{"x":314,"y":213,"maskInd":0},{"x":323,"y":196,"maskInd":1},{"x":505,"y":74,"maskInd":2},{"x":530,"y":171,"maskInd":3},{"x":330,"y":227,"maskInd":4},{"x":315,"y":231,"maskInd":5}],[{"x":100,"y":192,"maskInd":6},{"x":236,"y":195,"maskInd":7},{"x":244,"y":215,"maskInd":8},{"x":106,"y":232,"maskInd":9}],[],[],[],[],[],[],[],[]],"class":["3","1",[],[],[],[],[],[],[],[]]},{"pic":"./frame7000.jpg","bbox":[],"mask":[[{"x":308,"y":186,"maskInd":0},{"x":312,"y":164,"maskInd":1},{"x":470,"y":23,"maskInd":2},{"x":516,"y":92,"maskInd":3},{"x":337,"y":186,"maskInd":4},{"x":314,"y":194,"maskInd":5}],[{"x":104,"y":227,"maskInd":6},{"x":214,"y":217,"maskInd":7},{"x":226,"y":239,"maskInd":8},{"x":199,"y":247,"maskInd":9},{"x":121,"y":259,"maskInd":10}],[{"x":280,"y":32,"maskInd":11},{"x":344,"y":3,"maskInd":12},{"x":430,"y":5,"maskInd":13},{"x":372,"y":31,"maskInd":14},{"x":287,"y":59,"maskInd":15},{"x":279,"y":49,"maskInd":16}],[],[],[],[],[],[],[]],"class":["3","1","1",[],[],[],[],[],[],[]]},{"pic":"./frame7500.jpg","bbox":[],"mask":[[{"x":113,"y":87,"maskInd":0},{"x":337,"y":141,"maskInd":1},{"x":343,"y":120,"maskInd":2},{"x":325,"y":110,"maskInd":3},{"x":148,"y":29,"maskInd":4}],[{"x":399,"y":208,"maskInd":5},{"x":419,"y":197,"maskInd":6},{"x":433,"y":181,"maskInd":7},{"x":530,"y":154,"maskInd":8},{"x":524,"y":209,"maskInd":9},{"x":419,"y":222,"maskInd":10}],[],[],[],[],[],[],[],[]],"class":["1","3",[],[],[],[],[],[],[],[]]},{"pic":"./frame8000.jpg","bbox":[],"mask":[[{"x":168,"y":6,"maskInd":0},{"x":356,"y":93,"maskInd":1},{"x":380,"y":109,"maskInd":2},{"x":384,"y":126,"maskInd":3},{"x":375,"y":133,"maskInd":4},{"x":293,"y":111,"maskInd":5},{"x":121,"y":62,"maskInd":6}],[{"x":347,"y":168,"maskInd":7},{"x":356,"y":147,"maskInd":8},{"x":427,"y":100,"maskInd":9},{"x":490,"y":46,"maskInd":10},{"x":522,"y":114,"maskInd":11},{"x":434,"y":151,"maskInd":12},{"x":353,"y":185,"maskInd":13},{"x":343,"y":179,"maskInd":14}],[],[],[],[],[],[],[],[]],"class":["1","3",[],[],[],[],[],[],[],[]]},{"pic":"./frame8500.jpg","bbox":[],"mask":[[{"x":101,"y":113,"maskInd":0},{"x":220,"y":133,"maskInd":1},{"x":271,"y":134,"maskInd":2},{"x":336,"y":125,"maskInd":3},{"x":361,"y":140,"maskInd":4},{"x":356,"y":154,"maskInd":5},{"x":298,"y":166,"maskInd":6},{"x":317,"y":171,"maskInd":7},{"x":320,"y":181,"maskInd":8},{"x":221,"y":181,"maskInd":9},{"x":122,"y":183,"maskInd":10},{"x":99,"y":183,"maskInd":11}],[{"x":365,"y":208,"maskInd":12},{"x":380,"y":198,"maskInd":13},{"x":391,"y":179,"maskInd":14},{"x":520,"y":111,"maskInd":15},{"x":530,"y":190,"maskInd":16},{"x":429,"y":212,"maskInd":17},{"x":400,"y":218,"maskInd":18}],[],[],[],[],[],[],[],[]],"class":["1","3",[],[],[],[],[],[],[],[]]},{"pic":"./frame9000.jpg","bbox":[],"mask":[[{"x":104,"y":107,"maskInd":0},{"x":388,"y":141,"maskInd":1},{"x":414,"y":130,"maskInd":2},{"x":398,"y":111,"maskInd":3},{"x":327,"y":81,"maskInd":4},{"x":177,"y":8,"maskInd":5}],[{"x":375,"y":193,"maskInd":6},{"x":385,"y":184,"maskInd":7},{"x":399,"y":168,"maskInd":8},{"x":523,"y":119,"maskInd":9},{"x":526,"y":193,"maskInd":10},{"x":380,"y":212,"maskInd":11},{"x":367,"y":205,"maskInd":12}],[],[],[],[],[],[],[],[]],"class":["1","3",[],[],[],[],[],[],[],[]]},{"pic":"./frame9500.jpg","bbox":[],"mask":[[{"x":100,"y":185,"maskInd":0},{"x":200,"y":186,"maskInd":1},{"x":219,"y":203,"maskInd":2},{"x":209,"y":220,"maskInd":3},{"x":152,"y":230,"maskInd":4},{"x":107,"y":233,"maskInd":5}],[{"x":293,"y":232,"maskInd":6},{"x":304,"y":212,"maskInd":7},{"x":514,"y":90,"maskInd":8},{"x":511,"y":256,"maskInd":9},{"x":309,"y":255,"maskInd":10},{"x":298,"y":245,"maskInd":11}],[],[],[],[],[],[],[],[]],"class":["1","3",[],[],[],[],[],[],[],[]]}]